{
  "version": "3.0.0",
  "release_date": "2026-01-06",
  "changelog": [
    "🎉 MAJOR UPDATE: Version 3.0.0",
    "📊 NEU: Fortschrittsbalken für Updates mit Prozentanzeige",
    "🌓 NEU: Dark/Light Mode Toggle im UI",
    "📈 NEU: Erweiterte Statistiken (Erfolgsrate, Ø Zeit, Einsätze/Stunde)",
    "✨ NEU: Verbesserte Statistik-Karten im Dashboard",
    "🔧 FIX: Import-Fehler behoben",
    "🔧 FIX: Auto-Update funktioniert vollständig",
    "🔴 NEU: Rote Einsätze haben Priorität beim Abarbeiten"
  ],
  "download_url": "https://github.com/RoMaSystems-source/Leitstellenspiel-bot/releases/latest",
  "mandatory": false
}

